objectId,caption,username,timestamp
LqgrPJq4oV,Cute hat for winter!,Aria,06/11/2021 1:55 PM
sLcS7OkRz6,Test,Aria,06/11/2021 9:30 AM
PCuVRB803S,Test by Jin,Aria,06/11/2021 5:29 PM
hV9r7HrDas,Easy homemade pizza in 10 steps!,Aria,06/11/2021 9:28 PM
5K3Zdvod7D,Use a handy app to Photoshop your pictures!,Aria,06/11/2021 9:41 PM
dS0x6R3GBD,,sadaf_,07/11/2021 8:19 PM
uNxpOt3yVE,Braids,sadaf_,19/11/2021 4:05 PM
t1hTZ5EmeK,abc,sadaf_,19/11/2021 5:34 PM
ItE9Q9gsI6,Easy steps to hand made your pizza at home! ,Ying,19/11/2021 10:22 PM
vfoW5uu5Bq,Cute hat for winter! Must have!,Ying,19/11/2021 10:23 PM
vwMtX5qOQ4,DoggyTest,Jin,20/11/2021 12:47 PM
H5gy4MJ756,SunsetTest,Jin,20/11/2021 12:47 PM
utYjIGJidy,Edit Bridge Test ,Jin,20/11/2021 12:48 PM
iB27sXlRFR,FieldTest,Jin,20/11/2021 12:48 PM
lWhyMcSgHm,SceneTest,Jin,20/11/2021 12:49 PM
xpb5ZdFK1c,Easy steps for home made pizzas!,Ying,21/11/2021 12:04 PM
GpcB1yvuHs,Test,Ying,25/11/2021 5:25 PM
IRaHQfCUBV,TestTestTest,Ying,25/11/2021 6:04 PM
k1GtPHYafT,Test again and again,Ying,25/11/2021 6:18 PM